{"status": "Training Completed Successfully \u2705", "completed": true, "round": 25, "metrics": {"accuracy": [0.7408018867924528, 0.6766509433962264, 0.7139150943396226, 0.7653301886792453, 0.7485849056603774, 0.7393867924528302, 0.7783018867924528, 0.7778301886792452, 0.8216981132075472, 0.7745283018867924, 0.8233490566037736, 0.742688679245283, 0.839622641509434, 0.840566037735849, 0.8200471698113208, 0.8247641509433963, 0.8294811320754717, 0.8238207547169811, 0.8547169811320755, 0.8608490566037735, 0.8625, 0.8625, 0.8641509433962264, 0.7827830188679246, 0.8702830188679245], "f1": [0.37092157985117347, 0.3827104907699235, 0.4068459657701711, 0.44752915047196, 0.4566768603465851, 0.4388014220416455, 0.4835164835164835, 0.49517684887459806, 0.5315985130111525, 0.5171717171717172, 0.5262492093611638, 0.479236276849642, 0.5572916666666666, 0.5683269476372924, 0.5657370517928287, 0.5667638483965015, 0.5734513274336284, 0.5603296056503826, 0.5973856209150327, 0.6108179419525066, 0.6115922718187875, 0.6131386861313869, 0.6165113182423435, 0.5433812592959841, 0.616991643454039], "precision": [0.294010889292196, 0.2696700507614213, 0.29714285714285715, 0.3486159169550173, 0.340167046317388, 0.32628398791540786, 0.37446808510638296, 0.3783783783783784, 0.44272445820433437, 0.38352059925093634, 0.4444444444444444, 0.34620689655172415, 0.48035914702581367, 0.4831704668838219, 0.44694244604316546, 0.4542056074766355, 0.46285714285714286, 0.45161290322580644, 0.5163841807909605, 0.5315729047072331, 0.5362149532710281, 0.5359628770301624, 0.5402567094515752, 0.39941690962099125, 0.5600505689001264], "recall": [0.5023255813953489, 0.6589147286821705, 0.6449612403100775, 0.6248062015503876, 0.6945736434108527, 0.6697674418604651, 0.6821705426356589, 0.7162790697674418, 0.6651162790697674, 0.7937984496124031, 0.6449612403100775, 0.7782945736434108, 0.6635658914728683, 0.689922480620155, 0.7705426356589147, 0.7534883720930232, 0.7534883720930232, 0.737984496124031, 0.7085271317829457, 0.7178294573643411, 0.7116279069767442, 0.7162790697674418, 0.7178294573643411, 0.8496124031007752, 0.6868217054263566], "roc": [0.6994341839980162, 0.7247939105777835, 0.7569117314099039, 0.7961531412060248, 0.8022563638127891, 0.7880544684154349, 0.8175972226714536, 0.8320872012161592, 0.8483897747733178, 0.8464202003212903, 0.8458470528619637, 0.8425358217162079, 0.8681044948302443, 0.8745479833101529, 0.8703781091308989, 0.872348114845123, 0.8792504663022501, 0.878029994285776, 0.8919545880906945, 0.8956078101583811, 0.8988923030479458, 0.902306605858697, 0.9041135944625934, 0.8943959633858394, 0.9051533676186779], "mcc": [0.23412473836896264, 0.2517448587468112, 0.2835110211834753, 0.33497004874538805, 0.3514596299222925, 0.326767276279246, 0.38332617882124975, 0.40064749086262796, 0.4404093122357046, 0.4367808992197298, 0.43322714985369987, 0.38959085713186564, 0.4714164255311263, 0.48557182618324474, 0.4894543890316825, 0.4886805414081187, 0.496392643042256, 0.4796414165922229, 0.5209250516933766, 0.5372172907606854, 0.537890496514666, 0.5398969316794706, 0.5439484305241945, 0.4762533947110179, 0.5439533243859331]}, "malicious_attackers": []}