{"status": "Training Completed Successfully \u2705", "completed": true, "round": 25, "metrics": {"accuracy": [0.7009433962264151, 0.7323113207547169, 0.7587264150943396, 0.754245283018868, 0.7988207547169811, 0.8011792452830189, 0.8040094339622641, 0.8153301886792453, 0.8058962264150943, 0.7962264150943397, 0.8346698113207547, 0.8070754716981132, 0.8089622641509434, 0.8431603773584906, 0.8422169811320754, 0.8431603773584906, 0.8330188679245283, 0.8193396226415094, 0.8533018867924528, 0.8504716981132076, 0.8247641509433963, 0.8424528301886792, 0.8591981132075471, 0.8615566037735849, 0.8622641509433963], "f1": [0.35634517766497464, 0.41404233350542075, 0.4443237370994025, 0.4480932203389831, 0.49616066154754873, 0.5044091710758377, 0.5131810193321616, 0.5314183123877917, 0.5228985507246376, 0.523704520396913, 0.5560481317289424, 0.544543429844098, 0.5428893905191874, 0.5772409408773045, 0.5847299813780261, 0.5907692307692308, 0.5709090909090909, 0.565266742338252, 0.6033163265306123, 0.6047381546134664, 0.5856107083100948, 0.5926829268292683, 0.6199872692552514, 0.6200647249190938, 0.6232258064516129], "precision": [0.26490566037735847, 0.31037151702786375, 0.3419732441471572, 0.3403057119871279, 0.40076335877862596, 0.40625, 0.4124293785310734, 0.4327485380116959, 0.41759259259259257, 0.40633019674935844, 0.47002141327623126, 0.42484795829713295, 0.42679680567879325, 0.4892241379310345, 0.48757763975155277, 0.4897959183673469, 0.46865671641791046, 0.4458370635631155, 0.5124593716143012, 0.5057351407716372, 0.4573170731707317, 0.4884422110552764, 0.5259179265658748, 0.5322222222222223, 0.5337016574585636], "recall": [0.5441860465116279, 0.6217054263565891, 0.6341085271317829, 0.6558139534883721, 0.6511627906976745, 0.6651162790697674, 0.6790697674418604, 0.6883720930232559, 0.6992248062015504, 0.7364341085271318, 0.6806201550387597, 0.7581395348837209, 0.7457364341085271, 0.703875968992248, 0.7302325581395349, 0.7441860465116279, 0.7302325581395349, 0.772093023255814, 0.7333333333333333, 0.751937984496124, 0.813953488372093, 0.7534883720930232, 0.7550387596899225, 0.7426356589147287, 0.7488372093023256], "roc": [0.6888896076592166, 0.7594936981811516, 0.7838729501568715, 0.7865010619831592, 0.8222962555659776, 0.8330053584327931, 0.8448059859192892, 0.8549014026802945, 0.8512201485698268, 0.8556047913230045, 0.8736414701728282, 0.8698985455682418, 0.8661888281527963, 0.8858474841241604, 0.890445601664672, 0.8931974857413937, 0.8771838578559801, 0.8844618386863753, 0.8988629772185744, 0.9012202563853758, 0.8945313797155826, 0.893412685577514, 0.90710569158284, 0.9087401753080828, 0.9109516878524221], "mcc": [0.2117234327201911, 0.29170555654816616, 0.3313536796413343, 0.3374498933015114, 0.3966961648542229, 0.4075054334189845, 0.4189934869490042, 0.4414840743126726, 0.4321358114532123, 0.4367092121633684, 0.47048676971416886, 0.46354373360978757, 0.46017896315127577, 0.49685087199576633, 0.5073644628138809, 0.5155104603326549, 0.4912503909238625, 0.48910535558064777, 0.5292650299544884, 0.5323170148496302, 0.5178027574884448, 0.5185526765121451, 0.5501734292749099, 0.5493915352746115, 0.5534742316811352]}, "malicious_attackers": []}