{"status": "Training Completed Successfully \u2705", "completed": true, "round": 25, "metrics": {"accuracy": [0.8384433962264151, 0.8490566037735849, 0.8587264150943397, 0.8646226415094339, 0.8702830188679245, 0.8740566037735849, 0.8759433962264151, 0.8794811320754717, 0.8825471698113208, 0.8839622641509434, 0.8841981132075472, 0.8851415094339623, 0.8882075471698113, 0.8896226415094339, 0.8910377358490567, 0.8882075471698113, 0.8853773584905661, 0.8851415094339623, 0.8863207547169811, 0.8841981132075472, 0.8858490566037736, 0.8846698113207547, 0.8875, 0.8915094339622641, 0.8933962264150943], "f1": [0.38454627133872415, 0.42857142857142855, 0.42459173871277617, 0.4316831683168317, 0.44779116465863456, 0.45286885245901637, 0.4621676891615542, 0.4737384140061792, 0.4865979381443299, 0.49795918367346936, 0.4932920536635707, 0.5035677879714577, 0.5182926829268293, 0.5224489795918368, 0.5295315682281059, 0.5288270377733598, 0.5308880308880309, 0.5647899910634495, 0.5823223570190641, 0.5799828913601369, 0.5870307167235495, 0.5921601334445371, 0.6099754701553557, 0.6272285251215559, 0.6360708534621579], "precision": [0.45726495726495725, 0.5052631578947369, 0.5580808080808081, 0.5972602739726027, 0.6353276353276354, 0.6676737160120846, 0.6786786786786787, 0.7055214723926381, 0.7261538461538461, 0.7283582089552239, 0.7376543209876543, 0.7351190476190477, 0.7522123893805309, 0.764179104477612, 0.771513353115727, 0.7368421052631579, 0.7033248081841432, 0.6666666666666666, 0.6601178781925344, 0.6469465648854962, 0.6527514231499051, 0.6407942238267148, 0.6453287197231834, 0.6570458404074703, 0.661641541038526], "recall": [0.33178294573643413, 0.37209302325581395, 0.3426356589147287, 0.33798449612403103, 0.3457364341085271, 0.3426356589147287, 0.35038759689922483, 0.35658914728682173, 0.36589147286821705, 0.37829457364341085, 0.3705426356589147, 0.3829457364341085, 0.3953488372093023, 0.39689922480620154, 0.40310077519379844, 0.4124031007751938, 0.4263565891472868, 0.48992248062015503, 0.5209302325581395, 0.5255813953488372, 0.5333333333333333, 0.5503875968992248, 0.5782945736434109, 0.6, 0.6124031007751938], "roc": [0.753772573880605, 0.7888182337656737, 0.8107927677329625, 0.8248734784530627, 0.8348891117076905, 0.8430641179070846, 0.8495895462043536, 0.8557971342627032, 0.8608933596403273, 0.8648631281603434, 0.8687069681189421, 0.8726353354680811, 0.8762152429623402, 0.8798253388103632, 0.8831822837489623, 0.8859371866610604, 0.8776565212234908, 0.8840633524166855, 0.8878985671313516, 0.8901372491940788, 0.8911606343866912, 0.8964931914480706, 0.9023100559562701, 0.9047712693124602, 0.9098015115739991], "mcc": [0.29927888297137983, 0.3492596497904323, 0.36280539610352586, 0.38040081814921095, 0.4042058107772915, 0.41772398259493015, 0.4280372444306217, 0.44470619412832635, 0.4605193157743662, 0.4699465843264589, 0.46896249587842653, 0.47623045337650444, 0.49256622939638295, 0.4991601706603932, 0.5067770219676176, 0.4966813051380919, 0.4891723388762169, 0.5082859492413941, 0.5224472633417382, 0.5173864267735149, 0.5251643039661608, 0.5275101896572849, 0.5455941703981901, 0.5646945650086129, 0.5743206472109045]}, "malicious_attackers": []}