{"status": "Training Stopped Manually \ud83d\uded1", "completed": true, "round": 3, "metrics": {"accuracy": [0.7981132075471699, 0.7009433962264151, 0.722877358490566], "f1": [0.37971014492753624, 0.38862102217936356, 0.4080604534005038], "precision": [0.3564625850340136, 0.2820153953813856, 0.30223880597014924], "recall": [0.4062015503875969, 0.6248062015503876, 0.627906976744186], "roc": [0.7354413429504802, 0.7279425558754085, 0.7543461526021282], "mcc": [0.2605490411910443, 0.25787376907154813, 0.28413020953117674]}, "malicious_attackers": []}