{"status": "Training Completed Successfully \u2705", "completed": true, "round": 25, "metrics": {"accuracy": [0.7615566037735849, 0.7509433962264151, 0.7735849056603774, 0.783254716981132, 0.7952830188679245, 0.7841981132075472, 0.809433962264151, 0.7721698113207547, 0.8261792452830189, 0.8134433962264151, 0.8330188679245283, 0.8351415094339623, 0.8400943396226415, 0.8129716981132076, 0.8056603773584906, 0.8540094339622641, 0.8341981132075472, 0.8573113207547169, 0.832311320754717, 0.8709905660377358, 0.867688679245283, 0.8466981132075472, 0.8683962264150943, 0.8716981132075472, 0.847877358490566], "f1": [0.3291307232913072, 0.4087346024636058, 0.4339622641509434, 0.44065733414485697, 0.4568210262828536, 0.46459918080748974, 0.4918238993710692, 0.4867162592986185, 0.5192433137638617, 0.5232067510548524, 0.5455712451861361, 0.5422396856581533, 0.5533596837944664, 0.5429394812680115, 0.5412026726057907, 0.5656140350877193, 0.5700305810397553, 0.5903859174001355, 0.5619223659889094, 0.61067615658363, 0.6085136078157711, 0.59727385377943, 0.6053748231966054, 0.6152758132956153, 0.5935727788279773], "precision": [0.2877030162412993, 0.31989482909728306, 0.35014272121788775, 0.3627254509018036, 0.3830010493179433, 0.3731203007518797, 0.41375661375661377, 0.370250606305578, 0.44819819819819817, 0.4280078895463511, 0.4654983570646221, 0.46938775510204084, 0.48109965635738833, 0.43211009174311926, 0.42224152910512597, 0.5166666666666667, 0.4707070707070707, 0.5240384615384616, 0.4662576687116564, 0.5644736842105263, 0.5532994923857868, 0.49742002063983487, 0.5565669700910273, 0.5656697009102731, 0.5], "recall": [0.38449612403100775, 0.5658914728682171, 0.5705426356589147, 0.5612403100775194, 0.5658914728682171, 0.6155038759689923, 0.6062015503875969, 0.710077519379845, 0.6170542635658914, 0.6728682170542636, 0.6589147286821705, 0.641860465116279, 0.6511627906976745, 0.7302325581395349, 0.7534883720930232, 0.6248062015503876, 0.7224806201550388, 0.6759689922480621, 0.7069767441860465, 0.6651162790697674, 0.6759689922480621, 0.7472868217054264, 0.6635658914728683, 0.6744186046511628, 0.7302325581395349], "roc": [0.6746148289506313, 0.7590042155879722, 0.7744015697943958, 0.7906079718817048, 0.8047356901812379, 0.8065180968399263, 0.8320591691733782, 0.8298058241959655, 0.849955687809296, 0.8516660736811463, 0.8637836788821684, 0.8679225021832649, 0.8727491886879924, 0.8689903073821308, 0.8694146693836187, 0.8815128677857921, 0.8839926254164375, 0.8921387370486572, 0.8851721275242315, 0.8985809317419758, 0.9012478571659603, 0.8935416329743074, 0.9061909844637794, 0.9080428243361257, 0.8933423898394626], "mcc": [0.19070285379119395, 0.28345789218617773, 0.3165336467895539, 0.32535649254543336, 0.34615170009808993, 0.35616791404474485, 0.39013856446068435, 0.38981189100487595, 0.42432008007889377, 0.4306771462443179, 0.45709963960425043, 0.45274411972537487, 0.46643128375374643, 0.458598985394157, 0.45911365746840405, 0.48194312397971484, 0.4895950458417837, 0.5116736756548673, 0.4789391790901694, 0.5365631255628023, 0.5337035997925023, 0.523300862290445, 0.530067484874835, 0.5419975857314152, 0.5176817338478185]}, "malicious_attackers": []}