{"status": "Round 11 complete. Waiting for clients on round 12...", "completed": false, "round": 12, "metrics": {"accuracy": [0.7009433962264151, 0.7113207547169811, 0.7544811320754717, 0.7785377358490566, 0.7662735849056603, 0.7209905660377358, 0.7962264150943397, 0.7452830188679245, 0.7528301886792453, 0.8004716981132075, 0.8221698113207547], "f1": [0.35634517766497464, 0.3994111874386654, 0.4448, 0.47217537942664417, 0.46806226516371446, 0.4515530829856282, 0.5079726651480638, 0.4862036156041865, 0.47652347652347654, 0.5412147505422994, 0.5501193317422435], "precision": [0.26490566037735847, 0.2921751615218952, 0.33902439024390246, 0.37037037037037035, 0.3579638752052545, 0.3220899470899471, 0.4014401440144014, 0.3507206588881263, 0.35151068533529845, 0.41618015012510423, 0.44713870029097963], "recall": [0.5441860465116279, 0.6310077519379845, 0.6465116279069767, 0.6511627906976745, 0.6759689922480621, 0.7550387596899225, 0.6914728682170542, 0.7922480620155039, 0.7395348837209302, 0.7736434108527132, 0.7147286821705426], "roc": [0.6888896076592166, 0.7391700359025779, 0.7853827991072871, 0.8084889650785436, 0.8102273829931753, 0.806032926868713, 0.8364740002803205, 0.8403260342206552, 0.8235206089422217, 0.8557462453235004, 0.8729855203717479], "mcc": [0.2117234327201911, 0.2727779769918153, 0.332674279285332, 0.3671910495444029, 0.36386923875038385, 0.35233489236817317, 0.4136600380683992, 0.40011481589561376, 0.3808932418812558, 0.4616751030378718, 0.4656146997793574]}, "malicious_attackers": []}