{"status": "Training Completed Successfully \u2705", "completed": true, "round": 25, "metrics": {"accuracy": [0.7049528301886793, 0.710377358490566, 0.7084905660377359, 0.7518867924528302, 0.7974056603773585, 0.8054245283018868, 0.7990566037735849, 0.8313679245283019, 0.8231132075471698, 0.8257075471698113, 0.7959905660377359, 0.789622641509434, 0.8337264150943396, 0.8341981132075472, 0.8379716981132076, 0.8450471698113208, 0.8363207547169811, 0.8474056603773585, 0.7634433962264151, 0.847877358490566, 0.8650943396226415, 0.8646226415094339, 0.8429245283018868, 0.8549528301886793, 0.8589622641509433], "f1": [0.39242350655658087, 0.39921722113502933, 0.4169811320754717, 0.4654471544715447, 0.48960190136660725, 0.5050989802039592, 0.5092165898617511, 0.5335942596216569, 0.5324189526184538, 0.5389893948845914, 0.5170295924064768, 0.5093509350935094, 0.5585472761427677, 0.5586942875078468, 0.5643627140139506, 0.5719869706840391, 0.56625, 0.5757377049180328, 0.49724310776942354, 0.0, 0.6022253129346314, 0.6035911602209945, 0.5827067669172933, 0.5902731512325117, 0.6086387434554974], "precision": [0.2857142857142857, 0.2916368834882059, 0.29966101694915254, 0.34618291761148906, 0.3969171483622351, 0.41193737769080235, 0.40513290559120074, 0.4605855855855856, 0.44525547445255476, 0.4509394572025052, 0.4040139616055846, 0.39471440750213127, 0.4684873949579832, 0.4694092827004219, 0.47746781115879827, 0.49325842696629213, 0.4743455497382199, 0.49886363636363634, 0.3674074074074074, 0.0, 0.5460277427490542, 0.5442092154420921, 0.4889589905362776, 0.5175233644859814, 0.5266138165345413], "recall": [0.6263565891472869, 0.6325581395348837, 0.6852713178294574, 0.710077519379845, 0.6387596899224807, 0.6527131782945736, 0.6852713178294574, 0.6341085271317829, 0.662015503875969, 0.6697674418604651, 0.7178294573643411, 0.7178294573643411, 0.6914728682170542, 0.689922480620155, 0.689922480620155, 0.6806201550387597, 0.7023255813953488, 0.6806201550387597, 0.7689922480620155, 0.0, 0.6713178294573643, 0.6775193798449612, 0.7209302325581395, 0.6868217054263566, 0.7209302325581395], "roc": [0.7335614710353527, 0.7427033670796003, 0.7690707377818029, 0.8131491843753705, 0.8208433332255178, 0.8315274228849284, 0.8403907235501503, 0.8418009509331436, 0.8458483466485537, 0.8501385429806687, 0.8371019180386194, 0.842016150769264, 0.8676339877737167, 0.8671768498452846, 0.869358605298056, 0.8716908712574526, 0.865945165011698, 0.8732434151653352, 0.8477122618624058, 0.876575778158726, 0.8809216073142068, 0.8825690289053488, 0.873890308460286, 0.8760341128397539, 0.8815055363284492], "mcc": [0.2631203710640664, 0.272601559544108, 0.30004748533269, 0.3639023870530473, 0.3880844423608018, 0.40769253524902, 0.41466820503446267, 0.4420730390430471, 0.44127284785539855, 0.44952624396700297, 0.42685650925318197, 0.4177387145549246, 0.4739987691859711, 0.4740919646726925, 0.48084612535765014, 0.4895943884085478, 0.4837566674800578, 0.4940983916452391, 0.4097017451907534, 0.0, 0.5260706939219764, 0.5276993140762973, 0.5043288644641473, 0.5117144246060014, 0.5347894374451263]}, "malicious_attackers": []}